id,code,first_name,last_name,created_at
1,C001,Alice,Smith,2025-04-10 22:02:16.180281
2,C002,Bob,Johnson,2025-04-10 22:02:16.180281
3,C003,Charlie,Brown,2025-04-10 22:02:16.180281
4,C004,Diana,Prince,2025-04-10 22:02:16.180281
5,C005,Eve,Taylor,2025-04-10 22:02:16.180281
6,C006,Frank,Miller,2025-04-10 22:02:16.180281
7,C007,Grace,Hopper,2025-04-10 22:02:16.180281
8,C008,Hank,Williams,2025-04-10 22:02:16.180281
9,C009,Ivy,Clark,2025-04-10 22:02:16.180281
10,C010,Jack,White,2025-04-10 22:02:16.180281
21,C021,Ethan,Moore,2025-04-10 22:02:16.180281
22,C022,Ava,Taylor,2025-04-10 22:02:16.180281
23,C023,Lucas,Anderson,2025-04-10 22:02:16.180281
24,C024,Charlotte,Thomas,2025-04-10 22:02:16.180281
25,C025,Mason,Jackson,2025-04-10 22:02:16.180281
26,C026,Amelia,White,2025-04-10 22:02:16.180281
27,C027,Logan,Harris,2025-04-10 22:02:16.180281
28,C028,Harper,Martin,2025-04-10 22:02:16.180281
29,C029,Elijah,Garcia,2025-04-10 22:02:16.180281
30,C030,Lily,Martinez,2025-04-10 22:02:16.180281
